Review,Rating
Totally waste of time and money worst movie to start the summer with,1
such an awful movie I have watched in a while,1
Worst shark film ever and did not think sharks could scream or roar lol,1
The plot per se was stupid,2
I am very impressed how a mouth to mouth underwater makes it possible for the two people to live and continue to hold their breath long enough to kill the shark,2
stupid and waste of time,2
stupid movie and plot twist,3
terribly boring to watch,3
Gave up half way through,3
slept for half the time while watching,3
The Vault may not even meet all the expectations it was proposing but it must still be checked and celebrated,4
No reason to write any bad reviews,4
Beautiful and simple movie to get you tensed and excited,4
Refreshingly easy watch,4
excellent to watch with family,4
All those that gave this less than a 5 are idiots,5
I was thrilled from the beginning to the end,4
Great film kept me entertained throughout the film it was good with the football theme in the story would recommend watching,5
highly recommended to watch,4
excellent movie that I have seen in a while,5
Read the book and forget the movie,2
I hope this group of film-makers never re-unites,3
This movie is terrible,1
Brilliant and moving performances by Tom Court,5
This is a great movie,4
Adrian Pasdar is excellent is this film,4
I don't know why I like this movie so well that I fell in love with it,5
Just love the interplay between two great characters in the movie,5
no comment stupid movie acting average or worse,3
Add this little gem to your list of holiday regulars,4
The characters are unlikeable and the script is awful It's a waste of the talents of Deneuve and Auteuil,2
This is the greatest movie ever,5
The plot was really weak and confused,2
I nearly fell asleep during a screening of this,3
badly directed garbage and the acting is really poor,3
What an extraordinary crime thrille,5
Tiny Toons is the first cartoon I remember watching as a child and I loved every minute of it,5
One of the worst movies I have ever seen in a long time,1
I would of enjoyed this film but Van Damme just does the same old same old rubbish time after time,2
The movie is good and I think Tiffany Amber is very beautiful and I liked the movie,5
I just saw this film tonight and I have to say that it is a total mess,2
I sort of accidentally ended up watching this movie and I am severely disappointed,2
The movie was very moving,4
I had just reached thirteen when I first saw this series and I am watching it again on DVD over thirty years later,4
This movie was so bad it was laughable,3
This has got to be the worst movie I have ever seen,2
This is probably the worst film I have ever seen,1
This is a beautiful movie filled with adventure,5
This was a pretty good movie that was overall done quite well,5
I found this film completely and utterly incomprehensible,1
